Description;Ref;Marque;Famille;Sous-Famille;Prix H.T.
12 Billes gel G1 Pilot Bleu;F0010087;Pilot;Ecriture & Correction;Stylos, feutres & rollers;7,05
12 Crayons à papier Tradition HB;F0000019;Conté;Ecriture & Correction;Crayons & Porte-mines;5,09
12 Crayons graphite Foray HB;F1646150;Foray;Ecriture & Correction;Crayons & Porte-mines;2,69
3 crayons à papier - Faber Castell - Grip 2001 HB;F0346438;Faber Castell ;Ecriture & Correction;Crayons & Porte-mines;2,69
4 crayons à papier - Bic - Evolution HB;F0013378;Bic;Ecriture & Correction;Crayons & Porte-mines;0,89
6 x Marqueurs - Velleda - 1781bis;F0333613;Velleda;Ecriture & Correction;Marqueurs;7,39
7 marqueurs à vitres assortis Pentel Wet Erase;F0354305;Pentel;Ecriture & Correction;Marqueurs;19,49
Bloc Estrée A4 75g Uni;F0005477;Estrée;Papier;Blocs & Coffrets de correspondance;1,99
Boîte de classement - 24 x 32 cm - personnalisable bleu translucide dos 40 mm;F0351775;Elba;Classement & Archivage;Boites de classement en plastique;4,75
Boîte de classement - 24 x 32 cm - personnalisable vert translucide dos 40 mm;F0351779;Elba;Classement & Archivage;Boites de classement en plastique;4,75
Boîte de classement - polypropylène - dos 25 mm;F5613471;Sans marque ;Classement & Archivage;Boites de classement en plastique;2,79
Boîte transfert - Scolex - havane - dos 90mm;F0012290;Scolex;Classement & Archivage;Boîtes transfert;3,59
Boîte transfert Scolex dos 120mm bleu marine;F0331333;Scolex;Classement & Archivage;Boîtes transfert;6,14
Boîte transfert Scolex dos 90mm bleu marine;F0012295;Scolex;Classement & Archivage;Boîtes transfert;3,59
Boîte transfert Scolex dos 90mm vert;F0012294;Scolex;Classement & Archivage;Boîtes transfert;3,59
Boîte de classement Viquel polypropylène 8/10e Dos 80 mm Rouge;F0319838;Viquel;Classement & Archivage;Boites de classement en plastique;4,75
Cahier Calligraphe 24x32 cm grands carreaux 96 pages 70g piqué;F0368854;Calligraphe;Papeterie et classement;Cahiers ;1,79
Cahier de texte Clairefontaine 144 pages à spirales;F0328476;Clairefontaine;Papeterie et classement;Agendas et calendriers;2,99
Cahier double spirale - Oxford - A4 - 21 x 29,7 cm - petits carreaux - 100 pages;F0359244;Oxford;Papeterie et classement;Cahiers ;2,67
Cahier Nomadbook Oxford 24x32 cm grands carreaux 160 pages avec chemise à élastique;F1009381;Oxford;Papeterie et classement;Cahiers ;4,69
Calculatrice scientifique - CASIO - FX Junior Plus - 19,5 x 78 x 155 mm;F6116922;Casio;Fournitures scolaires ;Informatique et calculatrices;9,02
Clairalfa - carton de 5 ramettes de 500 feuilles A4 80g;F0006804;Clairefontaine;Papier;Papier copieur & multifonction blanc;21,45
Clairalfa - ramette 500 feuilles A4 80g;F0000269;Clairefontaine;Papier;Papier copieur & multifonction blanc;4,69
Clairefontaine - 250 feuilles Digital Color Printing blanches A4 160g;F0300012;Clairefontaine;Papier;Papier laser;7,59
Clairefontaine - 500 feuilles Digital Color Printing blanches A4 100g;F0020064;Clairefontaine;Papier;Papier laser;7,69
Clairefontaine - 500 feuilles Digital Color Printing ivoire A4 100g;F0021375;Clairefontaine;Papier;Papier laser;11,49
Clairefontaine - Carton de 5 ramettes de 500 feuilles Digital Color Printing blanches A4 100g;F0382778;Clairefontaine;Papier;Papier laser;34,95
Coffret de correspondance - Clairefontaine - Pollen - 40 cartes + 40 enveloppes - bleu;F5448249;Clairefontaine;Papier;Blocs & Coffrets de correspondance;9,99
Coffret de correspondance - Clairefontaine - Pollen - 40 cartes + 40 enveloppes - hiver;F5448222;Clairefontaine;Papier;Blocs & Coffrets de correspondance;13,49
Coffret de correspondance - Clairefontaine - Pollen - 40 cartes + 40 enveloppes - vert;F5448339;Clairefontaine;Papier;Blocs & Coffrets de correspondance;9,99
Corbeille à papier - métal - 18 litres - noir;F0017641;Sans marque ;Accessoires de bureau;Corbeilles à papier;23,89
Corbeille à papier Ecoline CEP bleue;F0015773;CEP;Accessoires de bureau;Corbeilles à papier;2,29
Corbeille à papier rectangulaire HAN noire;F0016578;Han;Accessoires de bureau;Corbeilles à papier;6,19
Equerre 60° - Maped - Flex - 21cm incassable;F0368396;Maped;Fournitures scolaires ;Création et géométrie;1,09
Multipot à crayons rotatif - Rubbermaid - noir;F0358457;Rubbermaid;Accessoires de bureau;Pots à crayons;24,89
Office DEPOT - carton de 5 ramettes de 500 feuilles Office DEPOT Everyday A4 80g/m²;F0391110;Office Dépôt;Papier;Papier copieur & multifonction blanc;17,45
Office DEPOT - Ramette 500 feuilles Office DEPOT Everyday A4 80g/m²;F1453759;Office Dépôt;Papier;Papier, copieur & multifonction blanc;3,79
Organiseur en cuir pleine fleur - Exacompta - Cali Exatime 21 - noir - 23 x 19 cm;F0320260;Exacompta;Papeterie et classement;Agendas et calendriers;100,33
Pot à crayons - Cep - Acrylight - transparent;F5422829;CEP;Accessoires de bureau;Pots à crayons;8,99
Pot à crayons multipot fixe bleu;F0358458;Sans marque ;Accessoires de bureau;Pots à crayons;2,69
Pot à crayons recyclé - Cep - Green Spirit;F0308391;CEP;Accessoires de bureau;Pots à crayons;5,01
Recharge roller correcteur - Pritt - 4,2mm;F0339392;Pritt;Ecriture & Correction;Rollers correcteurs;2,79
Règle transparente - Niceday - 1 biseau - 40 cm;F5743512;Niceday;Fournitures scolaires ;Création et géométrie;0,66
Roller de correction - Pritt - ECOmfort;F3378105;Pritt;Ecriture & Correction;Rollers correcteurs;2,63
Sous-main à rabat 40 x 60 cm;F0388467;Emey;Accessoires de bureau;Sous-mains;46,79
Sous-main France 36x60cm;F0365764;Viquel;Accessoires de bureau;Sous-mains;6,49
Sous-main géographique - Durable - Monde;F3754287;Durable;Accessoires de bureau;Sous-mains;6,49
Stylo à bille - Parker - Urban Premium - corps acier - Ebène;F5223348;Parker;Ecriture & Correction;Stylos, feutres & rollers;25,49
Stylo à bille - Parker - Urban Premium - corps acier - Perle;F5223222;Parker;Ecriture & Correction;Stylos, feutres & rollers;25,49
Stylo-bille à encre gel - Pilot - B2P - noir;F0333037;Pilot;Ecriture & Correction;Stylos, feutres & rollers;2,59
